<?xml version="1.0" encoding="UTF-8"?>
<beans xmlns="http://www.springframework.org/schema/beans"
	xmlns:xsi="http://www.w3.org/2001/XMLSchema-instance"
	xmlns:context="http://www.springframework.org/schema/context"
	xsi:schemaLocation="http://www.springframework.org/schema/beans http://www.springframework.org/schema/beans/spring-beans.xsd">
	<!-- <context:annotation-config /> -->
	<bean id="cr" class="com.carinventory.model.Car">
	</bean>

	<bean id="dao" class="com.carinventory.dao.CarDao">
		<property name="jdbcTemplate" ref="jdbcTemplate"></property>
	</bean>

	<bean id="jdbcTemplate"
		class="org.springframework.jdbc.core.JdbcTemplate">
		<property name="dataSource" ref="ds"></property>
	</bean>

	<bean id="ds"
		class="org.springframework.jdbc.datasource.DriverManagerDataSource">
		<property name="driverClassName"
			value="com.mysql.cj.jdbc.Driver"></property>
		<property name="url"
			value="jdbc:mysql://localhost:3306/inventory"></property>
		<property name="username" value="Ajay"></property>
		<property name="password" value="@MSdhoni07"></property>
	</bean>

</beans>
